{"cameraMode":{"drawMode":0,"name":"Shaded","section":"Shading Mode"},"sceneLighting":true,"audioPlay":false,"sceneViewState":{"showFog":true,"showMaterialUpdate":false,"showSkybox":true,"showFlares":true,"showImageEffects":true,"showParticleSystems":true},"in2DMode":false,"pivot":{"x":336.82373046875,"y":259.4792785644531,"z":8.076496124267579},"rotation":{"x":0.023997601121664048,"y":-0.002999129006639123,"z":0.00007199234823929146,"w":0.9997080564498901},"size":445.5592346191406,"orthographic":false}