{"cameraMode":{"drawMode":0,"name":"Shaded","section":"Shading Mode"},"sceneLighting":true,"audioPlay":false,"sceneViewState":{"showFog":true,"showMaterialUpdate":false,"showSkybox":true,"showFlares":true,"showImageEffects":true,"showParticleSystems":true},"in2DMode":false,"pivot":{"x":3.8261818885803224,"y":4.8481011390686039,"z":-2.777039051055908},"rotation":{"x":-0.07613265514373779,"y":-0.009873870760202408,"z":0.0007557857898063958,"w":-0.9970554709434509},"size":6.143648624420166,"orthographic":false}